City_ID,City,Lat,Lng,Max Temp,Humidity,Cloudiness,Wind Speed,Country,Date
0,Tiksi,71.6872,128.8694,-1.03,93,100,14.79,RU,2021-02-02 21:57:41
1,Ushuaia,-54.8,-68.3,55.4,76,75,6.91,AR,2021-02-02 21:56:19
2,Caravelas,-17.7125,-39.2481,77.86,80,99,7.34,BR,2021-02-02 21:57:50
3,Kodiak,57.79,-152.4072,30.2,93,90,15.95,US,2021-02-02 21:57:50
4,Port Elizabeth,-33.918,25.5701,68.0,88,40,3.44,ZA,2021-02-02 21:57:50
5,Lompoc,34.6391,-120.4579,61.0,82,1,16.11,US,2021-02-02 21:57:50
6,Mataura,-46.1927,168.8643,64.17,71,99,3.87,NZ,2021-02-02 21:57:51
7,Khatanga,71.9667,102.5,-27.04,85,48,7.76,RU,2021-02-02 21:57:51
8,Mahebourg,-20.4081,57.7,80.6,74,75,11.5,MU,2021-02-02 21:54:37
9,Sai Buri,6.7013,101.6168,74.66,84,67,7.81,TH,2021-02-02 21:57:51
10,Monterey,36.2505,-121.2516,55.99,1,99,10.0,US,2021-02-02 21:57:51
11,Fare,-16.7,-151.0167,81.3,77,2,14.47,PF,2021-02-02 21:57:51
12,Ghanzi,-21.5667,21.7833,69.89,87,100,7.54,BW,2021-02-02 21:57:51
13,Mackay,-21.15,149.2,80.01,88,57,5.75,AU,2021-02-02 21:57:51
14,Hasaki,35.7333,140.8333,26.6,93,20,3.44,JP,2021-02-02 21:57:51
15,Port Alfred,-33.5906,26.891,66.0,91,8,11.45,ZA,2021-02-02 21:57:51
16,Akureyri,65.6835,-18.0878,8.6,72,0,6.91,IS,2021-02-02 21:57:51
17,Lasa,46.6166,10.7002,34.0,93,0,2.3,IT,2021-02-02 21:57:52
18,Kapaa,22.0752,-159.319,77.0,83,40,16.11,US,2021-02-02 21:57:16
19,Butaritari,3.0707,172.7902,81.77,84,92,19.17,KI,2021-02-02 21:57:52
20,Inuvik,68.3499,-133.7218,-31.0,68,100,1.14,CA,2021-02-02 21:53:25
21,Tasiilaq,65.6145,-37.6368,19.4,86,90,3.44,GL,2021-02-02 21:57:16
22,Rockport,28.0206,-97.0544,68.0,42,1,9.22,US,2021-02-02 21:57:52
23,Bluff,-46.6,168.3333,59.99,86,96,14.72,NZ,2021-02-02 21:57:05
24,Yellowknife,62.456,-114.3525,-11.0,70,90,13.8,CA,2021-02-02 21:57:52
25,Albany,42.6001,-73.9662,28.0,88,100,1.99,US,2021-02-02 21:56:23
26,Tequila,20.8833,-103.8333,84.99,29,94,1.99,MX,2021-02-02 21:57:53
27,Jamestown,42.097,-79.2353,25.0,86,90,14.97,US,2021-02-02 21:55:35
28,Qaanaaq,77.484,-69.3632,-11.22,84,100,0.51,GL,2021-02-02 21:57:53
29,Kruisfontein,-34.0033,24.7314,66.0,86,0,1.01,ZA,2021-02-02 21:57:53
30,New Norfolk,-42.7826,147.0587,59.0,61,98,1.01,AU,2021-02-02 21:56:25
31,Petropavlovsk-Kamchatskiy,53.0452,158.6483,15.8,73,75,4.47,RU,2021-02-02 21:54:42
32,Bathsheba,13.2167,-59.5167,82.4,57,20,18.41,BB,2021-02-02 21:57:24
33,Talnakh,69.4865,88.3972,-10.07,83,100,5.97,RU,2021-02-02 21:57:53
34,Punta Arenas,-53.15,-70.9167,60.8,67,75,18.41,CL,2021-02-02 21:57:14
35,Coihaique,-45.5752,-72.0662,78.8,38,0,6.91,CL,2021-02-02 21:57:54
36,Buala,-8.145,159.5921,80.58,84,91,11.43,SB,2021-02-02 21:57:54
37,Mahanub,9.5504,125.6801,75.97,82,100,4.68,PH,2021-02-02 21:57:54
38,Kahului,20.8947,-156.47,80.6,65,40,6.91,US,2021-02-02 21:57:31
39,Busselton,-33.65,115.3333,66.0,85,38,5.99,AU,2021-02-02 21:57:54
40,Carnarvon,-24.8667,113.6333,73.4,100,100,21.85,AU,2021-02-02 21:57:54
41,Puerto Ayora,-0.7393,-90.3518,84.2,70,0,21.85,EC,2021-02-02 21:57:54
42,Hilo,19.7297,-155.09,75.2,69,90,13.8,US,2021-02-02 21:57:54
43,Malakal,9.5334,31.6605,79.88,21,0,4.05,SS,2021-02-02 21:57:54
44,Kavieng,-2.5744,150.7967,81.12,76,100,8.93,PG,2021-02-02 21:57:54
45,Maun,-19.9833,23.4167,69.8,100,90,9.22,BW,2021-02-02 21:57:55
46,Srednekolymsk,67.45,153.6833,-29.31,82,31,0.74,RU,2021-02-02 21:57:55
47,Rikitea,-23.1203,-134.9692,78.44,74,41,13.96,PF,2021-02-02 21:57:55
48,Mehamn,71.0357,27.8492,24.8,68,90,24.16,NO,2021-02-02 21:57:55
49,Vaini,-21.2,-175.2,80.6,94,90,4.61,TO,2021-02-02 21:57:55
50,Port Hedland,-20.3167,118.5667,82.4,83,90,8.05,AU,2021-02-02 21:57:55
51,Arraial Do Cabo,-22.9661,-42.0278,80.6,69,0,17.27,BR,2021-02-02 21:57:55
52,Gerstetten,48.6333,10.0333,46.0,96,100,7.0,DE,2021-02-02 21:57:55
53,Bredasdorp,-34.5322,20.0403,60.8,82,0,5.75,ZA,2021-02-02 21:57:55
54,Zhelyabovka,45.3988,34.7578,47.79,84,99,1.59,UA,2021-02-02 21:57:56
55,Keti Bandar,24.1447,67.4497,68.76,82,0,11.23,PK,2021-02-02 21:57:56
56,Kamenka,51.3223,42.7678,33.01,97,100,3.56,RU,2021-02-02 21:57:56
57,Provideniya,64.3833,-173.3,6.69,90,100,18.7,RU,2021-02-02 21:57:56
58,Vila Velha,-20.3297,-40.2925,80.6,78,0,13.8,BR,2021-02-02 21:57:56
59,Hay River,60.8156,-115.7999,-13.0,77,100,12.66,CA,2021-02-02 21:57:19
60,Quatre Cocos,-20.2078,57.7625,80.6,74,75,11.5,MU,2021-02-02 21:57:56
61,Narsaq,60.9167,-46.05,23.0,58,90,3.44,GL,2021-02-02 21:57:57
62,Pisco,-13.7,-76.2167,82.4,51,0,17.27,PE,2021-02-02 21:57:57
63,Hobart,-42.8794,147.3294,59.0,72,75,2.3,AU,2021-02-02 21:53:36
64,Kaeo,-35.1,173.7833,73.99,59,2,4.0,NZ,2021-02-02 21:57:57
65,Japura,-0.3167,102.35,72.05,97,100,1.63,ID,2021-02-02 21:57:57
66,Chokurdakh,70.6333,147.9167,-8.7,89,59,8.25,RU,2021-02-02 21:57:57
67,Ribeira Brava,32.65,-17.0667,61.0,88,51,4.0,PT,2021-02-02 21:57:57
68,Salisbury,51.0693,-1.7957,50.0,87,75,20.71,GB,2021-02-02 21:57:57
69,Airai,-8.9266,125.4092,61.47,100,100,2.06,TL,2021-02-02 21:57:57
70,Atuona,-9.8,-139.0333,78.1,76,3,14.23,PF,2021-02-02 21:57:58
71,Bambous Virieux,-20.3428,57.7575,80.6,74,75,11.5,MU,2021-02-02 21:57:58
72,Madang,-5.2246,145.7966,76.98,89,100,8.63,PG,2021-02-02 21:57:58
73,Santiago Del Estero,-27.7951,-64.2615,67.82,79,100,12.5,AR,2021-02-02 21:54:11
74,Punta Alta,-38.8759,-62.0736,73.9,50,28,15.21,AR,2021-02-02 21:57:58
75,Houma,29.5958,-90.7195,59.0,35,1,8.05,US,2021-02-02 21:57:58
76,Paita,-5.0892,-81.1144,80.6,65,0,11.5,PE,2021-02-02 21:57:58
77,Hermanus,-34.4187,19.2345,63.0,90,0,7.23,ZA,2021-02-02 21:57:15
78,Hibbing,47.4272,-92.9377,23.0,79,90,12.66,US,2021-02-02 21:57:59
79,Kudahuvadhoo,2.6708,72.8944,82.27,73,99,11.65,MV,2021-02-02 21:57:59
80,Koygorodok,60.445,50.9968,16.7,96,100,9.01,RU,2021-02-02 21:57:59
81,San Juan,-31.5375,-68.5364,74.35,30,85,9.1,AR,2021-02-02 21:56:15
82,Lebu,-37.6167,-73.65,61.57,72,22,13.11,CL,2021-02-02 21:57:22
83,Grindavik,63.8424,-22.4338,35.6,60,0,17.27,IS,2021-02-02 21:57:59
84,Mecca,21.4267,39.8261,73.96,75,0,0.94,SA,2021-02-02 21:57:59
85,Saint George,37.1041,-113.5841,64.4,39,90,8.05,US,2021-02-02 21:57:52
86,Cidreira,-30.1811,-50.2056,78.28,85,0,12.26,BR,2021-02-02 21:58:00
87,Bandarbeyla,9.4942,50.8122,72.86,71,10,15.3,SO,2021-02-02 21:58:00
88,Denpasar,-8.65,115.2167,78.8,89,75,14.97,ID,2021-02-02 21:58:00
89,Lucea,18.451,-78.1736,75.99,73,75,16.11,JM,2021-02-02 21:58:00
90,Sao Felix Do Xingu,-6.6447,-51.995,76.37,91,91,2.73,BR,2021-02-02 21:58:00
91,Labuhan,-6.8844,112.2051,77.61,87,98,7.11,ID,2021-02-02 21:58:00
92,Sol-Iletsk,51.1631,54.9918,34.43,91,100,12.44,RU,2021-02-02 21:58:00
93,Dikson,73.5069,80.5464,-23.49,84,1,13.85,RU,2021-02-02 21:58:01
94,Bonavista,48.6499,-53.1147,28.0,86,77,1.14,CA,2021-02-02 21:58:01
95,Dali,25.7,100.1833,39.83,70,80,1.83,CN,2021-02-02 21:58:01
96,Neiafu,-18.65,-173.9833,80.6,83,75,6.91,TO,2021-02-02 21:58:01
97,Vung Tau,10.346,107.0843,72.99,81,13,8.86,VN,2021-02-02 21:54:38
98,Alta Floresta,-9.8756,-56.0861,77.54,90,99,2.24,BR,2021-02-02 21:53:37
99,Ilulissat,69.2167,-51.1,-2.2,65,6,17.27,GL,2021-02-02 21:57:39
100,Cape Town,-33.9258,18.4232,70.0,83,0,18.41,ZA,2021-02-02 21:57:05
101,Kaniama,-7.5667,24.1833,68.09,90,100,2.39,CD,2021-02-02 21:58:01
102,Thinadhoo,0.5333,72.9333,82.54,69,100,5.08,MV,2021-02-02 21:58:01
103,Markova,48.6758,24.4138,33.89,90,69,5.75,UA,2021-02-02 21:58:01
104,Bengkulu,-3.8004,102.2655,75.24,88,100,5.82,ID,2021-02-02 21:58:02
105,Mar Del Plata,-38.0023,-57.5575,68.0,77,75,13.8,AR,2021-02-02 21:54:25
106,Xuddur,4.1213,43.8894,66.15,65,0,17.29,SO,2021-02-02 21:58:02
107,Kabompo,-13.5927,24.2008,65.26,97,100,4.07,ZM,2021-02-02 21:58:02
108,Barrow,71.2906,-156.7887,-23.8,76,1,13.8,US,2021-02-02 21:58:02
109,Pangody,65.85,74.4859,7.74,96,85,8.21,RU,2021-02-02 21:58:02
110,Fairbanks,64.8378,-147.7164,-14.01,69,1,4.36,US,2021-02-02 21:54:34
111,Iqaluit,63.7506,-68.5145,-18.4,69,90,1.16,CA,2021-02-02 21:57:35
112,Lebedinyy,58.5167,125.5167,-36.63,81,100,7.74,RU,2021-02-02 21:58:03
113,Avarua,-21.2078,-159.775,80.6,83,75,11.5,CK,2021-02-02 21:58:03
114,Castro,-24.7911,-50.0119,70.56,87,42,2.28,BR,2021-02-02 21:58:03
115,Vila,42.0304,-8.1588,53.01,96,100,28.99,PT,2021-02-02 21:58:03
116,Bilibino,68.0546,166.4372,-2.72,85,18,5.26,RU,2021-02-02 21:58:03
117,Novoagansk,61.9449,76.6625,7.7,96,100,6.31,RU,2021-02-02 21:58:03
118,Kaitangata,-46.2817,169.8464,69.01,70,97,5.99,NZ,2021-02-02 21:58:03
119,Cantanhede,-3.6333,-44.3767,77.52,85,93,2.93,BR,2021-02-02 21:58:03
120,Tuktoyaktuk,69.4541,-133.0374,-34.6,74,1,3.44,CA,2021-02-02 21:58:03
121,Verkhoyansk,67.5447,133.385,-36.24,80,100,3.22,RU,2021-02-02 21:57:00
122,Abnub,27.2696,31.1511,59.0,63,0,6.91,EG,2021-02-02 21:58:04
123,Mugur-Aksy,50.35,90.5,7.02,67,0,5.82,RU,2021-02-02 21:58:04
124,Padang,-0.9492,100.3543,75.2,94,40,3.44,ID,2021-02-02 21:58:04
125,Khandyga,62.6667,135.6,-47.04,77,100,2.37,RU,2021-02-02 21:58:04
126,Severo-Kurilsk,50.6789,156.125,22.75,93,59,47.24,RU,2021-02-02 21:58:04
127,Nikolskoye,59.7035,30.7861,23.0,86,90,11.18,RU,2021-02-02 21:58:04
128,Cabo San Lucas,22.8909,-109.9124,80.01,47,20,12.66,MX,2021-02-02 21:58:04
129,Erzin,36.9559,36.2,55.0,71,100,14.0,TR,2021-02-02 21:58:04
130,Pontes E Lacerda,-15.2261,-59.3353,82.58,76,83,3.27,BR,2021-02-02 21:58:04
131,Marica,-22.9194,-42.8186,89.6,55,20,2.3,BR,2021-02-02 21:58:04
132,Hithadhoo,-0.6,73.0833,81.72,72,30,3.49,MV,2021-02-02 21:58:05
133,Guerrero Negro,27.9769,-114.0611,78.84,20,99,6.98,MX,2021-02-02 21:53:56
134,Klyuchi,52.2667,79.1667,10.69,94,100,11.48,RU,2021-02-02 21:58:05
135,Pipar,26.3856,73.5378,54.91,43,0,3.02,IN,2021-02-02 21:55:14
136,Cuamba,-14.8031,36.5372,71.02,95,49,1.95,MZ,2021-02-02 21:58:05
137,Ornskoldsvik,63.2909,18.7153,6.8,100,90,5.75,SE,2021-02-02 21:58:05
138,Kodinsk,58.6881,99.1844,-10.48,88,100,3.69,RU,2021-02-02 21:57:55
139,Yar-Sale,66.8333,70.8333,4.48,94,98,6.29,RU,2021-02-02 21:58:05
140,Kloulklubed,7.0419,134.2556,77.0,88,75,12.88,PW,2021-02-02 21:58:05
141,Lagoa,39.05,-27.9833,55.96,62,30,37.74,PT,2021-02-02 21:58:05
142,Tura,25.5198,90.2201,56.86,56,0,3.09,IN,2021-02-02 21:58:05
143,Nouakchott,18.0858,-15.9785,73.4,33,0,12.66,MR,2021-02-02 21:58:06
144,Coquimbo,-29.9533,-71.3436,66.2,68,20,13.8,CL,2021-02-02 21:58:06
145,Disna,55.568,28.1971,23.22,97,100,13.62,BY,2021-02-02 21:58:06
146,Lingao,19.9103,109.6859,64.42,93,4,9.44,CN,2021-02-02 21:58:06
147,Longyearbyen,78.2186,15.6401,19.4,86,90,11.5,SJ,2021-02-02 21:58:06
148,Cabedelo,-6.9811,-34.8339,80.6,78,20,11.5,BR,2021-02-02 21:53:51
149,Almaznyy,48.0448,40.045,46.4,93,75,8.95,RU,2021-02-02 21:58:06
150,Rio Grande,-32.035,-52.0986,77.47,82,8,10.67,BR,2021-02-02 21:56:11
151,Namtsy,62.7161,129.6658,-38.2,67,100,4.47,RU,2021-02-02 21:58:06
152,Saint-Philippe,-21.3585,55.7679,80.6,74,40,4.61,RE,2021-02-02 21:58:06
153,Akdepe,42.0551,59.3788,32.0,69,0,9.22,TM,2021-02-02 21:58:06
154,Iracoubo,5.4802,-53.2011,77.61,88,99,14.2,GF,2021-02-02 21:58:07
155,Gubkinskiy,64.434,76.5026,5.09,95,93,10.87,RU,2021-02-02 21:58:07
156,Sitka,57.0531,-135.33,35.6,64,20,6.91,US,2021-02-02 21:58:07
157,Moshkovo,55.3053,83.6104,8.6,78,0,8.95,RU,2021-02-02 21:58:07
158,Wyndham,37.6985,-77.6125,39.99,60,90,16.11,US,2021-02-02 21:55:08
159,Gewane,10.1664,40.6453,65.07,45,0,3.94,ET,2021-02-02 21:58:07
160,Takoradi,4.8845,-1.7554,79.56,86,0,8.97,GH,2021-02-02 21:58:07
161,Daru,-9.0763,143.2092,77.92,88,70,13.78,PG,2021-02-02 21:58:07
162,Ribeira Grande,38.5167,-28.7,57.2,62,40,28.77,PT,2021-02-02 21:57:14
163,Tari,12.4086,4.4914,77.14,17,0,9.31,NG,2021-02-02 21:58:07
164,Smithers,54.7804,-127.1743,24.8,80,90,3.44,CA,2021-02-02 21:58:08
165,Mudgee,-32.5943,149.5871,64.4,68,40,8.05,AU,2021-02-02 21:58:08
166,Pevek,69.7008,170.3133,8.19,92,100,10.65,RU,2021-02-02 21:57:20
167,Uniontown,39.9001,-79.7164,30.0,41,100,4.0,US,2021-02-02 21:58:08
168,Veraval,20.9,70.3667,71.13,46,0,11.83,IN,2021-02-02 21:53:54
169,Torbay,47.6666,-52.7314,28.0,86,90,6.91,CA,2021-02-02 21:57:30
170,East London,-33.0153,27.9116,70.48,78,90,15.3,ZA,2021-02-02 21:58:08
171,Hirara,24.8,125.2833,62.6,63,75,12.66,JP,2021-02-02 21:58:08
172,Sendafa,9.15,39.0333,50.29,44,0,0.81,ET,2021-02-02 21:58:09
173,Teya,60.3778,92.6267,-8.91,87,100,4.36,RU,2021-02-02 21:57:28
174,Meulaboh,4.1363,96.1285,76.01,87,67,4.59,ID,2021-02-02 21:58:09
175,Dunedin,-45.8742,170.5036,68.0,67,75,5.01,NZ,2021-02-02 21:53:23
176,Pasaje,-3.3333,-79.8167,86.0,58,75,5.75,EC,2021-02-02 21:58:09
177,Bilma,18.6853,12.9164,65.28,26,0,7.92,NE,2021-02-02 21:58:09
178,Launceston,-41.45,147.1667,61.0,72,12,16.11,AU,2021-02-02 21:58:09
179,Cururupu,-1.8283,-44.8683,77.7,83,38,3.85,BR,2021-02-02 21:58:09
180,Acapulco,16.8634,-99.8901,86.0,70,1,9.22,MX,2021-02-02 21:58:09
181,Wonthaggi,-38.6044,145.5913,62.01,78,13,6.62,AU,2021-02-02 21:58:10
182,Tilichiki,60.4667,166.1,13.64,97,94,7.38,RU,2021-02-02 21:58:10
183,Traverse City,44.7631,-85.6206,30.2,59,20,13.8,US,2021-02-02 21:54:11
184,Geraldton,-28.7667,114.6,71.6,83,40,10.36,AU,2021-02-02 21:58:10
185,Lodwar,3.1191,35.5973,80.58,38,2,6.62,KE,2021-02-02 21:58:10
186,Dwarka,22.2394,68.9678,69.01,74,22,7.7,IN,2021-02-02 21:58:10
187,Ozinki,51.1786,49.6769,34.03,97,100,9.71,RU,2021-02-02 21:58:10
188,Nanortalik,60.1432,-45.2371,16.23,86,0,16.98,GL,2021-02-02 21:58:10
189,Omsukchan,62.5333,155.8,-29.51,82,100,6.29,RU,2021-02-02 21:58:10
190,Krutikha,53.9599,81.2093,7.77,94,100,9.46,RU,2021-02-02 21:58:10
191,Klaksvik,62.2266,-6.589,35.6,75,60,16.11,FO,2021-02-02 21:58:11
192,Chicama,-7.8447,-79.1469,71.6,83,0,12.66,PE,2021-02-02 21:58:11
193,Hofn,64.2539,-15.2082,31.3,96,100,15.03,IS,2021-02-02 21:58:11
194,Bogale,16.2833,95.4,63.72,66,0,8.99,MM,2021-02-02 21:58:11
195,San Patricio,28.017,-97.5169,69.8,40,20,12.66,US,2021-02-02 21:58:11
196,Mandera,3.9366,41.867,81.12,25,15,13.0,KE,2021-02-02 21:58:11
197,Nome,64.5011,-165.4064,12.99,62,75,20.71,US,2021-02-02 21:58:11
198,Palmer,42.1584,-72.3287,34.0,86,90,6.91,US,2021-02-02 21:58:11
199,Sisimiut,66.9395,-53.6735,-5.13,81,0,12.37,GL,2021-02-02 21:58:11
200,Presidencia Roque Saenz Pena,-26.7852,-60.4388,82.0,88,72,1.99,AR,2021-02-02 21:58:03
201,Muzhi,65.3667,64.6667,10.0,93,100,3.22,RU,2021-02-02 21:58:12
202,Naze,28.3667,129.4833,55.4,58,75,10.36,JP,2021-02-02 21:58:12
203,Plouzane,48.3833,-4.6167,51.8,93,90,14.97,FR,2021-02-02 21:58:12
204,Kuytun,54.3419,101.5036,-3.51,92,100,4.88,RU,2021-02-02 21:58:12
205,Kavaratti,10.5669,72.642,80.8,70,0,1.25,IN,2021-02-02 21:58:12
206,Avera,33.194,-82.5271,51.8,35,1,17.27,US,2021-02-02 21:58:12
207,Warwick,41.7001,-71.4162,34.0,80,90,18.41,US,2021-02-02 21:57:40
208,Port Blair,11.6667,92.75,75.65,80,0,11.88,IN,2021-02-02 21:58:12
209,Derzhavinsk,51.1,66.3167,23.68,98,100,20.92,KZ,2021-02-02 21:58:12
210,Saint-Ambroise,48.5501,-71.3324,23.0,73,90,5.75,CA,2021-02-02 21:58:12
211,Palora,-1.7,-77.9333,71.6,88,75,2.3,EC,2021-02-02 21:58:13
212,Rantepao,-2.9701,119.8978,65.91,85,100,2.95,ID,2021-02-02 21:54:32
213,Shache,38.4167,77.2406,27.14,79,100,0.45,CN,2021-02-02 21:58:13
214,Katsuura,35.1333,140.3,37.4,65,20,11.5,JP,2021-02-02 21:58:13
215,Mitsamiouli,-11.3847,43.2844,82.65,72,71,3.51,KM,2021-02-02 21:58:13
216,Leningradskiy,69.3833,178.4167,-5.78,88,100,16.75,RU,2021-02-02 21:58:13
217,Umm Lajj,25.0213,37.2685,74.61,77,0,10.11,SA,2021-02-02 21:57:50
218,Soyo,-6.1349,12.3689,79.45,81,100,7.2,AO,2021-02-02 21:54:11
219,Sangar,63.9242,127.4739,-42.81,80,100,4.63,RU,2021-02-02 21:58:13
220,Yumen,40.2833,97.2,25.27,65,93,9.08,CN,2021-02-02 21:58:14
221,Noumea,-22.2763,166.4572,75.99,100,90,24.16,NC,2021-02-02 21:58:01
222,Kyzyl-Suu,42.3414,78.0056,24.76,81,2,8.81,KG,2021-02-02 21:58:14
223,Fortuna,40.5982,-124.1573,55.0,66,20,8.05,US,2021-02-02 21:58:14
224,Upernavik,72.7868,-56.1549,-6.61,87,100,4.45,GL,2021-02-02 21:58:14
225,Arlit,18.7369,7.3853,66.24,23,0,7.2,NE,2021-02-02 21:58:14
226,Santa Cruz De La Palma,28.6835,-17.7642,64.4,77,90,10.36,ES,2021-02-02 21:58:14
227,Ust-Koksa,50.2696,85.6108,14.2,89,16,1.03,RU,2021-02-02 21:58:14
228,San Cristobal,7.7669,-72.225,91.4,46,20,11.5,VE,2021-02-02 21:55:21
229,Bethel,41.3712,-73.414,30.2,80,90,9.22,US,2021-02-02 21:58:15
230,Touros,-5.1989,-35.4608,80.6,74,40,12.66,BR,2021-02-02 21:58:15
231,Santo Tomas,14.1079,121.1414,75.99,83,20,8.88,PH,2021-02-02 21:58:15
232,Ahipara,-35.1667,173.1667,70.63,56,0,3.83,NZ,2021-02-02 21:58:15
233,Alyangula,-13.8483,136.4192,78.8,100,40,4.79,AU,2021-02-02 21:58:15
234,Sao Jose De Ribamar,-2.5619,-44.0542,82.4,78,0,11.5,BR,2021-02-02 21:58:15
235,Saint-Joseph,-21.3667,55.6167,80.6,74,40,4.61,RE,2021-02-02 21:58:15
236,Kajaani,64.2273,27.7285,3.2,85,90,3.44,FI,2021-02-02 21:58:15
237,Pangnirtung,66.1451,-65.7125,-22.0,57,20,4.61,CA,2021-02-02 21:58:16
238,Georgetown,5.4112,100.3354,78.8,88,20,2.3,MY,2021-02-02 21:58:16
239,Haldibari,26.3333,88.7667,58.35,51,0,3.56,IN,2021-02-02 21:58:16
240,Gizo,-8.103,156.8419,82.53,78,100,11.45,SB,2021-02-02 21:57:26
241,Taoudenni,22.6783,-3.9836,72.46,21,100,11.81,ML,2021-02-02 21:58:16
242,Ancud,-41.8697,-73.8203,69.8,56,0,8.05,CL,2021-02-02 21:58:16
243,Muravlenko,63.7898,74.523,8.06,95,93,12.17,RU,2021-02-02 21:58:16
244,Hovd,48.0056,91.6419,4.03,86,81,1.63,MN,2021-02-02 21:58:17
245,Severomuysk,56.1481,113.4267,-33.81,85,80,5.66,RU,2021-02-02 21:58:17
246,Olafsvik,64.8945,-23.7142,34.9,81,100,15.77,IS,2021-02-02 21:58:17
247,Buchanan,5.8808,-10.0467,77.0,94,75,7.9,LR,2021-02-02 21:58:17
248,Clyde River,70.4692,-68.5914,-25.6,68,20,2.3,CA,2021-02-02 21:54:18
249,Qasigiannguit,68.8193,-51.1922,-2.2,65,0,17.27,GL,2021-02-02 21:58:17
250,Gushikawa,26.3544,127.8686,57.2,71,1,8.05,JP,2021-02-02 21:57:57
251,Sola,-13.8833,167.55,84.2,84,75,21.94,VU,2021-02-02 21:58:17
252,Porto Novo,6.4965,2.6036,84.2,84,20,11.5,BJ,2021-02-02 21:58:18
253,Atyrau,47.1167,51.8833,33.8,86,100,13.42,KZ,2021-02-02 21:58:18
254,Anjar,23.1333,70.0167,66.11,41,43,7.47,IN,2021-02-02 21:58:18
255,Cherskiy,68.75,161.3,-1.73,83,0,2.84,RU,2021-02-02 21:58:18
256,Thompson,55.7435,-97.8558,15.8,100,90,5.75,CA,2021-02-02 21:58:18
257,Chulman,56.8479,124.9104,-30.86,82,100,5.82,RU,2021-02-02 21:58:18
258,Ostrovnoy,68.0531,39.5131,25.43,95,100,18.41,RU,2021-02-02 21:58:18
259,Lobatse,-25.2167,25.6667,64.4,94,100,16.11,BW,2021-02-02 21:58:18
260,Leh,34.1667,77.5833,6.91,65,99,1.66,IN,2021-02-02 21:58:18
261,Dong Hoi,17.4833,106.6,67.71,91,47,0.78,VN,2021-02-02 21:58:19
262,Aitape,-3.1374,142.3475,78.28,85,100,5.59,PG,2021-02-02 21:58:19
263,Benguela,-12.5763,13.4055,74.8,78,93,5.14,AO,2021-02-02 21:58:19
264,Victoria,22.2855,114.1577,63.0,74,86,23.69,HK,2021-02-02 21:53:21
265,Souillac,-20.5167,57.5167,80.6,74,75,11.5,MU,2021-02-02 21:58:19
266,Gamba,-2.65,10.0,77.67,86,37,4.79,GA,2021-02-02 21:58:19
267,Hualmay,-11.0964,-77.6139,73.33,69,72,9.55,PE,2021-02-02 21:58:19
268,Kalmunai,7.4167,81.8167,77.23,84,100,13.96,LK,2021-02-02 21:58:19
269,Rawson,-43.3002,-65.1023,80.62,27,0,9.35,AR,2021-02-02 21:58:19
270,Kendari,-3.945,122.4989,75.47,92,100,3.89,ID,2021-02-02 21:57:33
271,Honningsvag,70.9821,25.9704,28.4,64,75,28.77,NO,2021-02-02 21:58:20
272,Hami,42.8,93.45,27.16,77,100,3.85,CN,2021-02-02 21:58:20
273,Skagen,57.7209,10.5839,26.01,90,100,14.0,DK,2021-02-02 21:58:20
274,Corinto,37.9407,22.9573,51.01,69,94,1.01,GR,2021-02-02 21:55:22
275,Isangel,-19.55,169.2667,84.2,74,40,20.71,VU,2021-02-02 21:58:20
276,Iskenderun,36.5872,36.1735,55.0,87,75,12.66,TR,2021-02-02 21:58:20
277,Constitucion,-35.3333,-72.4167,65.55,67,8,7.76,CL,2021-02-02 21:58:20
278,Korem,12.5058,39.5228,46.99,55,31,1.88,ET,2021-02-02 21:58:21
279,La Seyne-Sur-Mer,43.0982,5.8847,55.99,91,92,3.0,FR,2021-02-02 21:58:21
280,Saldanha,-33.0117,17.9442,66.2,77,0,11.5,ZA,2021-02-02 21:58:21
281,Cortland,42.6001,-76.083,24.8,86,90,5.75,US,2021-02-02 21:58:21
282,Glendive,47.1053,-104.7125,57.2,26,1,11.5,US,2021-02-02 21:53:48
283,Solnechnyy,50.7214,136.6319,-25.67,84,100,3.76,RU,2021-02-02 21:58:21
284,Ponta Do Sol,32.6667,-17.1,61.0,71,65,1.99,PT,2021-02-02 21:58:21
285,Nyaunglebin,17.95,96.7333,61.5,44,0,3.6,MM,2021-02-02 21:58:21
286,Vasilevo,41.4761,22.6417,48.04,75,1,1.63,MK,2021-02-02 21:58:21
287,Kerouane,9.2667,-9.0167,72.59,21,0,1.92,GN,2021-02-02 21:58:21
288,Banyo,6.75,11.8167,70.14,26,4,5.97,CM,2021-02-02 21:58:21
289,Chikwawa,-16.0335,34.8009,76.53,83,53,0.6,MW,2021-02-02 21:58:22
290,Aklavik,68.2191,-135.0107,-25.6,75,20,5.75,CA,2021-02-02 21:58:22
291,Tehri,30.3833,78.4833,49.1,43,0,5.41,IN,2021-02-02 21:58:22
292,Shelburne,44.0787,-80.2041,28.0,85,100,17.34,CA,2021-02-02 21:58:22
293,Alofi,-19.0595,-169.9187,82.4,83,75,10.36,NU,2021-02-02 21:57:35
294,Codrington,-38.2667,141.9667,61.09,71,75,9.75,AU,2021-02-02 21:58:22
295,Pacatuba,-3.9842,-38.6203,81.0,74,20,9.22,BR,2021-02-02 21:58:22
296,Batesville,35.7698,-91.641,45.0,52,1,5.75,US,2021-02-02 21:58:22
297,Chapais,49.7834,-74.8492,26.6,63,1,9.22,CA,2021-02-02 21:58:23
298,Monteagudo,-19.8167,-63.9833,80.6,78,75,0.85,BO,2021-02-02 21:58:23
299,Buraydah,26.326,43.975,64.4,45,0,9.22,SA,2021-02-02 21:58:23
300,Pangoa,-12.1167,-73.0,80.87,72,65,2.42,PE,2021-02-02 21:58:23
301,Huarmey,-10.0681,-78.1522,74.19,68,10,10.47,PE,2021-02-02 21:58:23
302,Viesca,25.35,-102.8,77.0,23,75,3.44,MX,2021-02-02 21:58:23
303,Elko,41.0002,-115.5012,51.8,40,1,14.97,US,2021-02-02 21:58:23
304,Owando,-0.4819,15.8999,74.37,89,43,3.31,CG,2021-02-02 21:58:23
305,Camacha,33.0833,-16.3333,62.6,77,75,4.61,PT,2021-02-02 21:58:23
306,Norman Wells,65.282,-126.8329,-18.4,69,75,6.91,CA,2021-02-02 21:58:23
307,Chuy,-33.6971,-53.4616,76.1,80,64,7.56,UY,2021-02-02 21:58:24
308,Deputatskiy,69.3,139.9,-23.76,88,100,2.28,RU,2021-02-02 21:58:24
309,Port-Gentil,-0.7193,8.7815,82.4,89,40,6.91,GA,2021-02-02 21:58:24
310,Vila Franca Do Campo,37.7167,-25.4333,51.8,71,40,33.38,PT,2021-02-02 21:58:24
311,Inhambane,-23.865,35.3833,79.9,86,76,5.68,MZ,2021-02-02 21:58:24
312,Okmulgee,35.6234,-95.9605,60.8,27,1,9.22,US,2021-02-02 21:56:06
313,Yulara,-25.2406,130.9889,75.2,35,61,6.91,AU,2021-02-02 21:58:24
314,Apastovo,55.2029,48.5109,3.2,85,20,2.24,RU,2021-02-02 21:58:24
315,Mount Isa,-20.7333,139.5,82.4,74,34,10.56,AU,2021-02-02 21:57:34
316,Vardenik,40.1393,45.4334,32.52,75,18,3.29,AM,2021-02-02 21:58:24
317,Acara,-1.9608,-48.1967,78.58,81,88,4.03,BR,2021-02-02 21:58:24
318,Laguna,38.421,-121.4238,59.0,88,90,6.91,US,2021-02-02 21:58:24
319,Kaset Sombun,16.2805,101.9542,68.77,62,5,2.44,TH,2021-02-02 21:58:25
320,Bafq,31.6128,55.4107,47.68,45,0,1.43,IR,2021-02-02 21:58:25
321,Havoysund,70.9963,24.6622,28.4,64,75,28.77,NO,2021-02-02 21:58:25
322,Taltal,-25.4,-70.4833,69.82,60,28,6.85,CL,2021-02-02 21:58:25
323,Kambove,-10.8764,26.5969,63.19,94,100,1.39,CD,2021-02-02 21:58:25
324,Magoula,38.0833,23.5167,54.0,87,20,2.75,GR,2021-02-02 21:58:25
325,Ishigaki,24.3448,124.1572,64.4,68,75,17.27,JP,2021-02-02 21:58:25
326,Luxor,25.6989,32.6421,60.8,27,0,3.44,EG,2021-02-02 21:55:22
327,Mount Gambier,-37.8333,140.7667,59.0,72,90,10.36,AU,2021-02-02 21:58:25
328,Rio Gallegos,-51.6226,-69.2181,75.2,38,0,17.27,AR,2021-02-02 21:56:07
329,Alasehir,38.3508,28.5172,54.52,59,100,1.99,TR,2021-02-02 21:58:26
330,Sciacca,37.5082,13.0881,48.99,98,1,5.01,IT,2021-02-02 21:58:26
331,Ballina,-28.8667,153.5667,71.6,88,40,8.05,AU,2021-02-02 21:58:26
332,Margate,51.3813,1.3862,51.01,85,65,4.0,GB,2021-02-02 21:53:51
333,Mahajanga,-15.7167,46.3167,82.4,89,40,4.61,MG,2021-02-02 21:58:26
334,Hatillo,18.4863,-66.8254,82.0,69,40,5.75,PR,2021-02-02 21:58:26
335,Kargil,34.5667,76.1,-1.32,75,100,0.54,IN,2021-02-02 21:58:26
336,Teahupoo,-17.8333,-149.2667,86.0,62,40,9.22,PF,2021-02-02 21:58:26
337,Puerto Padre,21.195,-76.6028,78.8,47,20,11.5,CU,2021-02-02 21:58:26
338,Vardo,70.3705,31.1107,24.8,93,90,25.32,NO,2021-02-02 21:58:27
339,Luderitz,-26.6481,15.1594,65.48,83,1,10.09,NA,2021-02-02 21:58:27
340,Tateyama,34.9833,139.8667,37.4,65,20,11.5,JP,2021-02-02 21:58:27
341,Ponta Delgada,37.7333,-25.6667,51.8,71,40,33.38,PT,2021-02-02 21:58:27
342,Bojnurd,37.4747,57.329,30.2,74,0,7.14,IR,2021-02-02 21:58:27
343,Bud,39.447,-86.1758,30.0,84,100,12.35,US,2021-02-02 21:58:27
344,Faya,18.3851,42.4509,59.0,62,0,2.91,SA,2021-02-02 21:58:27
345,Alice Springs,-23.7,133.8833,80.01,33,34,5.75,AU,2021-02-02 21:58:27
346,Ewa Beach,21.3156,-158.0072,78.8,69,40,9.22,US,2021-02-02 21:58:28
347,Angoche,-16.2325,39.9086,78.98,86,1,4.94,MZ,2021-02-02 21:58:28
348,Kasongo-Lunda,-6.4667,16.8167,72.57,87,100,0.96,CD,2021-02-02 21:58:28
349,Zemaiciu Naumiestis,55.3592,21.7022,28.15,98,100,9.62,LT,2021-02-02 21:58:28
350,Tonantins,-2.8731,-67.8022,77.5,92,100,3.58,BR,2021-02-02 21:58:28
351,Saint-Francois,46.4154,3.9054,55.0,82,0,4.61,FR,2021-02-02 21:58:28
352,Namatanai,-3.6667,152.4333,76.23,88,100,9.35,PG,2021-02-02 21:58:28
353,Moro,26.6646,68.0016,55.4,76,0,5.79,PK,2021-02-02 21:58:28
354,Palana,59.1167,159.9667,-9.06,90,21,9.22,RU,2021-02-02 21:58:29
355,Verkh-Usugli,52.7,115.1667,-26.63,79,0,3.8,RU,2021-02-02 21:58:29
356,Lavrentiya,65.5833,-171.0,4.96,87,100,21.3,RU,2021-02-02 21:58:29
357,Isla Vista,34.4133,-119.861,66.0,76,6,1.99,US,2021-02-02 21:58:29
358,Moctezuma,29.8,-109.6667,78.39,22,99,3.29,MX,2021-02-02 21:58:29
359,Luganville,-15.5333,167.1667,83.61,70,31,2.06,VU,2021-02-02 21:58:29
360,Yenagoa,4.9247,6.2642,78.84,84,16,4.45,NG,2021-02-02 21:58:30
361,Dharchula,29.85,80.5333,45.3,44,0,6.29,IN,2021-02-02 21:58:30
362,Shubarkuduk,49.1447,56.4872,32.95,94,100,13.2,KZ,2021-02-02 21:58:30
363,Vigrestad,58.5667,5.7,17.01,79,20,3.44,NO,2021-02-02 21:58:30
364,Assiniboia,49.6334,-105.9845,42.8,52,58,12.66,CA,2021-02-02 21:58:30
365,Shieli,44.1667,66.75,30.51,87,0,0.25,KZ,2021-02-02 21:58:31
366,Pokhara,28.2333,83.9833,51.04,43,0,4.63,NP,2021-02-02 21:58:31
367,Daigo,36.7667,140.35,33.01,93,75,5.75,JP,2021-02-02 21:58:31
368,Kushiro,42.975,144.3747,13.91,83,1,22.32,JP,2021-02-02 21:58:31
369,Reitz,-27.8014,28.4273,53.76,94,100,9.6,ZA,2021-02-02 21:58:32
370,Kawalu,-7.3817,108.2082,71.87,89,93,2.68,ID,2021-02-02 21:58:32
371,Saint-Augustin,51.226,-58.6502,17.76,89,100,11.32,CA,2021-02-02 21:58:32
372,Sambava,-14.2667,50.1667,77.13,82,63,7.43,MG,2021-02-02 21:58:32
373,Ust-Nera,64.5667,143.2,-28.53,75,100,4.81,RU,2021-02-02 21:58:33
374,Batemans Bay,-35.7167,150.1833,66.0,65,89,4.0,AU,2021-02-02 21:58:33
375,Walvis Bay,-22.9575,14.5053,66.99,88,0,9.22,NA,2021-02-02 21:58:33
376,Sao Filipe,14.8961,-24.4956,73.72,72,0,8.32,CV,2021-02-02 21:58:33
377,Meadow Lake,34.8014,-106.5436,60.8,27,75,4.61,US,2021-02-02 21:58:33
378,Trollhattan,58.2333,12.4167,26.6,93,90,10.36,SE,2021-02-02 21:54:20
379,Te Anau,-45.4167,167.7167,64.98,69,99,1.45,NZ,2021-02-02 21:58:34
380,Vostok,46.4856,135.8833,-28.82,85,100,6.15,RU,2021-02-02 21:58:34
381,Sinegorye,62.0788,150.477,-31.56,78,100,2.17,RU,2021-02-02 21:58:34
382,Loandjili,-4.7561,11.8578,79.14,84,93,6.67,CG,2021-02-02 21:58:34
383,Mehran,33.1222,46.1646,39.2,60,0,6.91,IR,2021-02-02 21:58:34
384,Beringovskiy,63.05,179.3167,8.89,95,100,8.32,RU,2021-02-02 21:58:34
385,Saint Pete Beach,27.7253,-82.7412,54.0,58,1,14.97,US,2021-02-02 21:58:34
386,Krasnoselkup,65.7,82.4667,-1.86,92,93,10.13,RU,2021-02-02 21:53:55
387,Auki,-8.7676,160.7034,81.34,84,85,11.34,SB,2021-02-02 21:53:59
388,Hamilton,39.1834,-84.5333,33.8,47,20,17.27,US,2021-02-02 21:58:35
389,Rudbar,30.15,62.6,51.17,44,0,7.94,AF,2021-02-02 21:58:35
390,Brae,60.3964,-1.353,37.4,60,40,19.57,GB,2021-02-02 21:58:35
391,Simbahan,6.3032,120.5836,81.18,81,99,18.63,PH,2021-02-02 21:58:35
392,Show Low,34.2542,-110.0298,59.0,47,75,9.22,US,2021-02-02 21:54:06
393,Turukhansk,65.8167,87.9833,-5.48,91,100,9.82,RU,2021-02-02 21:53:36
394,Coffs Harbour,-30.3,153.1333,72.0,68,40,12.66,AU,2021-02-02 21:58:35
395,Puerto Varas,-41.3195,-72.9854,68.0,56,0,17.27,CL,2021-02-02 21:58:35
396,Tingo Maria,-9.2895,-76.0088,82.09,67,96,2.51,PE,2021-02-02 21:58:35
397,Severnyy,50.677,36.5532,30.2,100,90,4.12,RU,2021-02-02 21:58:36
398,Angoram,-4.0625,144.0661,73.78,98,99,4.97,PG,2021-02-02 21:58:36
399,Keffi,8.8486,7.8736,82.4,51,0,2.3,NG,2021-02-02 21:58:36
400,Oktyabrskiy,54.4815,53.471,14.81,96,100,2.73,RU,2021-02-02 21:58:36
401,Portland,45.5234,-122.6762,48.99,76,75,12.66,US,2021-02-02 21:54:06
402,Quelimane,-17.8786,36.8883,84.2,89,20,5.75,MZ,2021-02-02 21:58:36
403,Myronivka,49.6601,30.9823,21.65,98,39,6.85,UA,2021-02-02 21:58:36
404,Bonthe,7.5264,-12.505,79.41,81,0,6.26,SL,2021-02-02 21:54:05
405,Shingu,33.7333,135.9833,35.04,80,0,7.78,JP,2021-02-02 21:53:55
406,Ketchikan,55.3422,-131.6461,42.8,93,1,4.76,US,2021-02-02 21:54:15
407,Mezen,65.8522,44.24,17.42,97,100,6.06,RU,2021-02-02 21:58:36
408,Smirnykh,49.75,142.8333,-25.31,80,40,5.26,RU,2021-02-02 21:58:37
409,Brown Deer,43.1633,-87.9645,32.0,59,75,10.36,US,2021-02-02 21:58:37
410,Piet Retief,-27.0071,30.8132,54.61,97,100,0.78,ZA,2021-02-02 21:58:37
411,Tezu,27.9167,96.1667,59.18,43,0,3.53,IN,2021-02-02 21:58:37
412,Savannah Bight,16.45,-85.85,75.2,64,75,10.36,HN,2021-02-02 21:58:37
413,Rancho Cordova,38.5891,-121.3027,57.99,94,90,8.05,US,2021-02-02 21:58:31
414,Akyab,20.15,92.9,58.95,56,0,6.89,MM,2021-02-02 21:56:27
415,Aykhal,66.0,111.5,-26.95,83,100,11.18,RU,2021-02-02 21:58:38
416,Doka,13.5167,35.7667,78.31,27,0,13.11,SD,2021-02-02 21:58:38
417,Bairiki,1.3292,172.9752,82.4,78,75,10.36,KI,2021-02-02 21:58:38
418,Saskylakh,71.9167,114.0833,-4.67,91,100,13.29,RU,2021-02-02 21:58:38
419,Dalvik,65.9702,-18.5286,8.6,72,0,6.91,IS,2021-02-02 21:58:38
420,Ahuimanu,21.4447,-157.8378,77.0,65,75,10.36,US,2021-02-02 21:58:38
421,Doha,25.2867,51.5333,62.6,72,0,5.75,QA,2021-02-02 21:58:38
422,Malangwa,26.8568,85.5581,52.5,59,0,2.89,NP,2021-02-02 21:58:38
423,Waddan,29.1614,16.139,46.99,91,20,7.43,LY,2021-02-02 21:58:38
424,Kapit,2.0167,112.9333,73.36,94,99,1.28,MY,2021-02-02 21:58:38
425,Polonnaruwa,7.9333,81.0,72.72,92,100,4.81,LK,2021-02-02 21:58:38
426,Fort Nelson,58.8053,-122.7002,-7.6,71,90,8.05,CA,2021-02-02 21:58:39
427,Duzce,40.8389,31.1639,52.59,60,100,3.98,TR,2021-02-02 21:58:39
428,Kiunga,-6.1219,141.2906,73.4,99,100,2.35,PG,2021-02-02 21:58:39
429,Nouadhibou,20.931,-17.0347,68.0,68,0,11.5,MR,2021-02-02 21:58:39
430,Northam,51.0333,-4.2167,48.99,94,77,5.99,GB,2021-02-02 21:58:39
431,Sayyan,15.1718,44.3244,43.14,58,1,4.05,YE,2021-02-02 21:58:39
432,Miles City,46.4083,-105.8406,51.8,32,1,4.61,US,2021-02-02 21:58:39
433,Isugod,9.3408,118.1196,77.11,84,100,9.91,PH,2021-02-02 21:58:39
434,Nabisar,25.0685,69.6419,61.39,55,0,8.08,PK,2021-02-02 21:58:39
435,Moerai,-22.4333,-151.3333,80.69,63,47,0.94,PF,2021-02-02 21:58:40
436,Cacapava,-23.1008,-45.7069,75.2,78,75,4.61,BR,2021-02-02 21:58:40
437,Kalcheva,45.7374,28.8141,35.51,95,60,6.51,UA,2021-02-02 21:58:40
438,Sampit,-2.5333,112.95,74.55,97,72,2.75,ID,2021-02-02 21:58:40
439,Temerloh,3.4483,102.4176,69.87,97,95,1.23,MY,2021-02-02 21:58:40
440,Karratha,-20.7377,116.8463,81.1,82,46,15.73,AU,2021-02-02 21:58:40
441,Punto Fijo,11.6956,-70.1996,79.79,71,0,28.32,VE,2021-02-02 21:58:40
442,Chara,56.9064,118.2631,-31.02,66,8,2.57,RU,2021-02-02 21:58:40
443,Mayo,38.8876,-76.5119,35.6,80,90,14.97,US,2021-02-02 21:58:40
444,Hays,30.0502,-98.0336,68.0,27,0,1.01,US,2021-02-02 21:58:40
445,Collie,-33.3667,116.15,64.99,78,1,7.0,AU,2021-02-02 21:58:41
446,Khartoum,15.5518,32.5324,82.0,12,0,8.05,SD,2021-02-02 21:58:41
447,Cerritos,33.8583,-118.0648,71.6,64,40,9.22,US,2021-02-02 21:58:41
448,San Quintin,30.4833,-115.95,68.13,54,100,11.41,MX,2021-02-02 21:58:41
449,Bagdarin,54.4333,113.6,-27.08,76,0,4.94,RU,2021-02-02 21:58:41
450,Sao Jose Da Coroa Grande,-8.8978,-35.1478,78.57,77,2,8.81,BR,2021-02-02 21:58:41
451,Batticaloa,7.7102,81.6924,77.61,81,100,15.32,LK,2021-02-02 21:58:41
452,Le Port,-20.9373,55.2919,78.8,73,75,21.85,RE,2021-02-02 21:58:41
453,Berlevag,70.8578,29.0864,26.6,74,75,28.77,NO,2021-02-02 21:58:41
454,Laguna De Perlas,12.3429,-83.6712,84.2,74,40,4.61,NI,2021-02-02 21:58:41
455,Hambantota,6.1241,81.1185,76.73,80,1,15.7,LK,2021-02-02 21:58:41
456,Tonj,7.2737,28.6822,83.84,22,49,4.74,SS,2021-02-02 21:58:42
457,Khorixas,-20.3667,14.9667,68.61,53,0,8.32,NA,2021-02-02 21:58:42
458,Tairua,-37.0167,175.85,71.15,55,1,3.76,NZ,2021-02-02 21:58:42
459,Mount Dora,28.8025,-81.6445,54.0,40,1,13.8,US,2021-02-02 21:58:42
460,Esperance,-33.8667,121.9,64.4,68,75,17.27,AU,2021-02-02 21:57:22
461,Orje,59.4802,11.6602,23.0,90,90,1.99,NO,2021-02-02 21:58:42
462,Beidao,34.5686,105.8933,34.86,82,43,0.34,CN,2021-02-02 21:58:42
463,Port Augusta,-32.5,137.7667,64.99,68,26,5.75,AU,2021-02-02 21:58:43
464,Paamiut,61.994,-49.6678,6.15,82,0,15.66,GL,2021-02-02 21:58:43
465,Caxito,-8.5785,13.6643,80.6,74,20,9.22,AO,2021-02-02 21:56:26
466,Roma,43.2128,-75.4557,28.0,74,90,9.22,US,2021-02-02 21:54:05
467,Yining,29.0361,114.5636,47.55,76,46,1.59,CN,2021-02-02 21:58:43
468,Saraland,30.8207,-88.0706,57.2,26,1,4.61,US,2021-02-02 21:58:43
469,Nuuk,64.1835,-51.7216,6.8,61,40,13.8,GL,2021-02-02 21:58:43
470,Lima,-12.0432,-77.0282,77.0,57,0,9.22,PE,2021-02-02 21:56:11
471,Longkou,37.6508,120.3286,28.85,83,0,13.73,CN,2021-02-02 21:58:43
472,Puksoozero,62.5903,40.6066,1.45,94,80,5.73,RU,2021-02-02 21:58:43
473,Richards Bay,-28.783,32.0377,69.01,79,100,4.68,ZA,2021-02-02 21:58:44
474,Danielskuil,-28.1887,23.5395,57.74,88,97,18.37,ZA,2021-02-02 21:58:44
475,Usinsk,65.9939,57.5281,8.38,95,99,15.39,RU,2021-02-02 21:58:44
476,Aasiaat,68.7098,-52.8699,-8.46,91,93,9.66,GL,2021-02-02 21:58:44
477,Anadyr,64.75,177.4833,12.2,79,75,22.37,RU,2021-02-02 21:58:44
478,Half Moon Bay,37.4636,-122.4286,61.0,82,1,6.91,US,2021-02-02 21:57:38
479,Wenchi,7.7392,-2.1046,79.27,18,0,0.34,GH,2021-02-02 21:58:45
480,Chabahar,25.2919,60.643,68.9,58,0,5.95,IR,2021-02-02 21:58:45
481,Raudeberg,61.9875,5.1352,25.0,88,0,5.99,NO,2021-02-02 21:58:45
482,Krasnaya Gora,52.9995,31.6023,19.4,86,90,11.18,RU,2021-02-02 21:58:45
483,Vestmannaeyjar,63.4427,-20.2734,37.38,79,84,33.51,IS,2021-02-02 21:58:45
484,Moyale,3.5167,39.0584,72.0,36,19,9.22,KE,2021-02-02 21:58:45
485,Samarai,-10.6167,150.6667,82.42,73,92,6.87,PG,2021-02-02 21:58:45
486,High Level,58.5169,-117.136,-5.8,77,90,17.27,CA,2021-02-02 21:58:45
487,Kazanskoye,55.6448,69.235,32.36,97,100,15.82,RU,2021-02-02 21:58:45
488,Aksarka,66.5606,67.7975,6.33,94,98,6.22,RU,2021-02-02 21:58:46
489,Pilar,-9.5972,-35.9567,77.0,88,0,5.75,BR,2021-02-02 21:58:46
490,Rockingham,42.9668,-71.0995,32.0,79,100,3.0,US,2021-02-02 21:54:41
491,Rocha,-34.4833,-54.3333,74.46,80,86,6.42,UY,2021-02-02 21:58:46
492,Gravdal,68.1214,13.5031,29.43,89,100,7.76,NO,2021-02-02 21:58:46
493,Nantucket,41.2835,-70.0995,41.0,93,90,19.57,US,2021-02-02 21:58:46
494,Spornoye,50.8448,37.2913,30.2,100,90,3.31,RU,2021-02-02 21:58:46
495,Bela Vista,-22.1089,-56.5211,83.44,81,71,4.45,BR,2021-02-02 21:58:46
496,La Ligua,-32.4524,-71.2311,66.2,72,40,11.5,CL,2021-02-02 21:58:46
497,Sistranda,63.7256,8.834,19.4,79,20,14.97,NO,2021-02-02 21:58:47
498,Taunggyi,20.7833,97.0333,45.39,58,0,1.23,MM,2021-02-02 21:58:47
499,Dakar,14.6937,-17.4441,66.2,88,37,6.91,SN,2021-02-02 21:54:48
500,Nago,26.5881,127.9761,57.2,71,1,8.05,JP,2021-02-02 21:58:47
501,Kenai,60.5544,-151.2583,12.99,61,75,6.87,US,2021-02-02 21:58:47
502,River Falls,44.8614,-92.6238,26.01,79,92,1.99,US,2021-02-02 21:58:47
503,Plettenberg Bay,-34.0527,23.3716,71.17,59,0,4.97,ZA,2021-02-02 21:58:47
504,Dzerzhinskoye,56.8344,95.2283,4.93,90,100,2.95,RU,2021-02-02 21:58:47
505,Beaverlodge,55.2166,-119.4361,-4.0,77,90,13.8,CA,2021-02-02 21:58:47
506,Mosquera,4.7059,-74.2302,66.2,45,75,6.91,CO,2021-02-02 21:56:35
507,Eirunepe,-6.6603,-69.8736,84.85,70,51,2.64,BR,2021-02-02 21:58:48
508,Sobolevo,54.4299,31.8996,14.16,95,100,10.25,RU,2021-02-02 21:58:48
509,Sarangani,5.4033,125.4636,81.37,76,100,11.34,PH,2021-02-02 21:58:48
510,Nelson Bay,-32.7167,152.15,70.0,94,75,10.36,AU,2021-02-02 21:58:48
511,Maniitsoq,65.4167,-52.9,-1.89,78,0,7.72,GL,2021-02-02 21:58:48
512,La Ronge,55.1001,-105.2842,17.6,93,100,10.36,CA,2021-02-02 21:58:48
513,Kathmandu,27.7167,85.3167,42.8,87,20,2.3,NP,2021-02-02 21:54:23
514,Nesebar,42.7833,27.7333,46.4,100,90,3.44,BG,2021-02-02 21:58:48
515,Faanui,-16.4833,-151.75,81.41,76,3,14.07,PF,2021-02-02 21:57:28
516,Fukue,32.6881,128.8419,42.87,71,100,19.6,JP,2021-02-02 21:58:49
517,Colac,-38.3333,143.5833,57.99,1,16,4.0,AU,2021-02-02 21:53:57
518,Ahtopol,42.1,27.95,46.4,100,90,3.44,BG,2021-02-02 21:58:49
519,Riohacha,11.5444,-72.9072,80.6,73,0,11.81,CO,2021-02-02 21:54:50
520,La Mira,18.035,-102.3266,84.31,56,0,9.46,MX,2021-02-02 21:58:49
521,Kokkola,63.8385,23.1307,-5.8,84,0,5.75,FI,2021-02-02 21:58:49
522,Cayenne,4.9333,-52.3333,78.8,94,40,6.91,GF,2021-02-02 21:57:55
523,Finschhafen,-6.6024,147.8681,81.97,76,100,4.29,PG,2021-02-02 21:58:50
524,Hazorasp,41.3194,61.0742,33.8,75,0,4.61,UZ,2021-02-02 21:58:50
525,Nyurba,63.2842,118.3319,-34.42,82,98,8.75,RU,2021-02-02 21:58:50
526,Abu Samrah,35.3029,37.1841,50.76,66,92,11.54,SY,2021-02-02 21:58:50
527,Ulaanbaatar,47.9077,106.8832,-16.6,76,0,2.06,MN,2021-02-02 21:55:52
528,Pemangkat,1.1667,108.9667,76.98,88,97,11.74,ID,2021-02-02 21:58:50
529,Amga,60.8953,131.9608,-39.28,79,100,3.85,RU,2021-02-02 21:58:50
530,Merauke,-8.4667,140.3333,77.81,90,75,12.35,ID,2021-02-02 21:58:50
531,Abu Dhabi,24.4667,54.3667,64.4,77,0,6.2,AE,2021-02-02 21:58:21
532,Sept-Iles,50.2001,-66.3821,26.6,59,100,3.44,CA,2021-02-02 21:58:50
533,Berdigestyakh,62.0989,126.6992,-39.15,79,100,7.81,RU,2021-02-02 21:58:50
534,Komsomolskiy,40.4272,71.7189,37.4,60,0,6.91,UZ,2021-02-02 21:58:51
535,Bereda,43.2686,-7.5406,55.0,99,100,11.99,ES,2021-02-02 21:58:51
536,Saint-Pierre,-21.3393,55.4781,80.6,74,40,4.61,RE,2021-02-02 21:58:51
537,Evreux,49.0241,1.1508,51.01,87,20,12.66,FR,2021-02-02 21:58:51
538,Nemuro,43.3236,145.575,14.11,83,19,24.18,JP,2021-02-02 21:58:51
539,Carauari,-4.8828,-66.8958,76.93,94,100,3.98,BR,2021-02-02 21:58:51
540,Kununurra,-15.7667,128.7333,78.8,100,83,4.61,AU,2021-02-02 21:58:51
541,Yenotayevka,47.2456,47.0281,34.0,99,44,1.01,RU,2021-02-02 21:58:51
542,Mareeba,-17.0,145.4333,78.8,78,24,0.67,AU,2021-02-02 21:58:52
543,Deneysville,-26.8908,28.0971,56.05,88,100,10.85,ZA,2021-02-02 21:58:52
544,Nassjo,57.6531,14.6968,24.8,100,90,4.61,SE,2021-02-02 21:58:52
545,Urk,52.6625,5.6014,39.0,90,100,1.01,NL,2021-02-02 21:58:52
546,Tautira,-17.7333,-149.15,86.0,62,40,9.22,PF,2021-02-02 21:58:52
547,Jalu,29.0331,21.5482,56.84,47,26,2.95,LY,2021-02-02 21:58:52
548,Moron,-34.6534,-58.6198,78.01,66,96,1.99,AR,2021-02-02 21:56:01
549,Emerald,-23.5333,148.1667,77.0,73,25,4.61,AU,2021-02-02 21:58:52
550,Calais,50.9167,1.8333,52.0,92,55,8.01,FR,2021-02-02 21:58:53
551,Ulladulla,-35.35,150.4667,66.99,55,20,10.36,AU,2021-02-02 21:58:53
552,Kabanjahe,3.1001,98.4908,75.2,100,40,2.3,ID,2021-02-02 21:58:53
553,Kailua,21.4022,-157.7394,77.0,65,75,10.36,US,2021-02-02 21:58:53
554,Ust-Maya,60.4167,134.5333,-40.56,80,100,0.85,RU,2021-02-02 21:58:53
555,Port Hardy,50.6996,-127.4199,42.8,81,75,18.41,CA,2021-02-02 21:58:53
556,Pacific Grove,36.6177,-121.9166,57.99,94,90,5.75,US,2021-02-02 21:56:08
557,Mirnyy,62.5353,113.9611,-33.52,82,99,10.8,RU,2021-02-02 21:58:53
558,Honiara,-9.4333,159.95,78.26,87,89,8.39,SB,2021-02-02 21:58:53
559,Saint-Paul,-21.0096,55.2707,75.0,91,28,1.01,RE,2021-02-02 21:58:29
560,Los Alamos,35.8881,-106.307,52.0,35,90,3.06,US,2021-02-02 21:58:54
561,Andrushivka,50.0229,29.0202,23.02,98,1,8.19,UA,2021-02-02 21:58:54
562,Baiquan,47.5833,126.0833,-22.13,81,0,7.72,CN,2021-02-02 21:58:54
563,Santa Cruz,-17.8,-63.1667,84.2,74,75,14.97,BO,2021-02-02 21:58:54
564,Dhidhdhoo,6.8833,73.1,81.34,70,0,1.61,MV,2021-02-02 21:58:54
565,Bahia De Caraquez,-0.6,-80.4167,84.2,74,40,8.05,EC,2021-02-02 21:58:54
566,Novobirilyussy,56.9514,90.6661,14.09,96,100,8.34,RU,2021-02-02 21:58:54
567,Lujiang,31.2581,117.2817,39.99,93,63,4.47,CN,2021-02-02 21:58:54
568,Taywarah,33.35,64.4167,25.63,87,5,0.45,AF,2021-02-02 21:58:54
569,Charters Towers,-20.1,146.2667,77.68,69,0,5.86,AU,2021-02-02 21:58:54
570,Kieta,-6.2167,155.6333,83.1,77,93,11.16,PG,2021-02-02 21:58:55
571,Shirokiy,49.758,129.523,-29.02,83,50,9.06,RU,2021-02-02 21:58:55
572,Krivogastani,41.3361,21.3331,44.22,81,37,1.07,MK,2021-02-02 21:58:55
573,Nhulunbuy,-12.2333,136.7667,78.8,94,100,3.44,AU,2021-02-02 21:55:16
574,Pimentel,-6.8367,-79.9342,77.0,61,0,26.46,PE,2021-02-02 21:58:55
575,Saint Anthony,45.0205,-93.218,26.01,80,90,8.05,US,2021-02-02 21:58:55
576,Nanchang,28.6833,115.8833,52.09,70,98,0.92,CN,2021-02-02 21:58:55
577,Pires Do Rio,-17.2997,-48.2794,72.86,85,100,3.74,BR,2021-02-02 21:58:55
578,Balaipungut,1.05,101.2833,77.0,88,40,1.19,ID,2021-02-02 21:58:55
579,Birao,10.2849,22.7882,77.9,21,0,4.23,CF,2021-02-02 21:58:55
580,Port Lincoln,-34.7333,135.8667,62.98,78,74,12.75,AU,2021-02-02 21:58:56
581,Ulaangom,49.9811,92.0667,-15.5,87,36,1.34,MN,2021-02-02 21:58:56
582,Mao,39.8885,4.2658,53.6,100,0,6.91,ES,2021-02-02 21:58:56
